date,open,high,low,close,volume,ticker
2015-01-15,40.68,40.78,39.96,39.99,9327741,XLK
2015-01-16,39.86,40.42,39.84,40.38,18821471,XLK
2015-01-20,40.62,40.81,40.21,40.72,12015828,XLK
2015-01-21,40.54,40.96,40.34,40.79,13919088,XLK
2015-01-22,40.9,41.49,40.56,41.46,8812196,XLK
2015-01-23,41.45,41.64,41.31,41.45,6478772,XLK
2015-01-26,41.4,41.51,41.15,41.28,9733510,XLK
2015-01-27,40.6,40.6,39.91,40.09,10791955,XLK
2015-01-28,40.81,40.94,40.02,40.02,13047244,XLK
2015-01-29,40.04,40.48,39.66,40.4,16817569,XLK
2015-01-30,40.29,40.49,39.82,39.9,13006347,XLK
2015-02-02,40.04,40.36,39.39,40.31,15623563,XLK
2015-02-03,40.43,40.81,40.32,40.77,9883683,XLK
2015-02-04,40.7,41.15,40.7,40.85,5889364,XLK
2015-02-05,41.02,41.25,40.89,41.23,5091765,XLK
2015-02-06,41.29,41.48,40.98,41.1,4790310,XLK
2015-02-09,40.99,41.24,40.95,41.04,7165741,XLK
2015-02-10,41.32,41.7,41.17,41.65,11245749,XLK
2015-02-11,41.71,41.88,41.59,41.81,6249959,XLK
2015-02-12,42.13,42.41,42.07,42.38,6769238,XLK
2015-02-13,42.48,42.68,42.4,42.65,4315840,XLK
2015-02-17,42.69,42.74,42.56,42.67,5340289,XLK
2015-02-18,42.67,42.75,42.55,42.71,3749777,XLK
2015-02-19,42.68,42.9,42.6,42.86,3125425,XLK
2015-02-20,42.86,43.14,42.64,43.08,6933497,XLK
2015-02-23,43.13,43.14,42.89,43.11,4047028,XLK
2015-02-24,43.08,43.3,42.86,43.24,4655463,XLK
2015-02-25,43.12,43.17,42.88,42.97,5867350,XLK
2015-02-26,43.1,43.3,42.98,43.24,7559392,XLK
2015-02-27,43.23,43.32,43.05,43.09,6055998,XLK
2015-03-02,43.24,43.46,43.1,43.43,6844453,XLK
2015-03-03,43.39,43.39,42.95,43.14,8612123,XLK
2015-03-04,43.03,43.05,42.74,42.97,5882663,XLK
2015-03-05,43.07,43.07,42.77,42.92,7704334,XLK
2015-03-06,42.9,42.96,42.32,42.39,8076686,XLK
2015-03-09,42.47,42.77,42.41,42.59,6249286,XLK
2015-03-10,42.35,42.36,41.72,41.72,8797871,XLK
2015-03-11,41.82,41.82,41.42,41.45,11520207,XLK
2015-03-12,41.33,41.75,41.29,41.72,12334908,XLK
2015-03-13,41.66,41.76,41.26,41.49,15187664,XLK
2015-03-16,41.71,42.01,41.58,41.98,8639361,XLK
2015-03-17,41.88,42.11,41.81,41.99,9533738,XLK
2015-03-18,41.94,42.71,41.77,42.56,15855386,XLK
2015-03-19,42.5,42.65,42.41,42.44,8992350,XLK
2015-03-20,42.52,42.75,42.45,42.54,19296143,XLK
2015-03-23,42.55,42.75,42.53,42.54,3753071,XLK
2015-03-24,42.57,42.69,42.4,42.4,7117370,XLK
2015-03-25,42.35,42.43,41.31,41.31,8174282,XLK
2015-03-26,41.08,41.55,40.94,41.34,9002360,XLK
2015-03-27,41.35,41.48,41.15,41.37,7909332,XLK
2015-03-30,41.68,41.9,41.6,41.87,6605417,XLK
2015-03-31,41.74,41.82,41.44,41.44,7963627,XLK
2015-04-01,41.48,41.52,41.09,41.38,10427833,XLK
2015-04-02,41.45,41.54,41.29,41.37,5469259,XLK
2015-04-06,41.08,41.85,41.04,41.77,7344724,XLK
2015-04-07,41.77,42.02,41.67,41.68,4684336,XLK
2015-04-08,41.68,41.94,41.6,41.81,7203527,XLK
2015-04-09,41.81,41.99,41.59,41.92,7290096,XLK
2015-04-10,41.96,42.12,41.83,42.08,4316277,XLK
2015-04-13,42.16,42.34,41.95,41.96,3887185,XLK
2015-04-14,41.98,42.03,41.63,41.83,5851306,XLK
2015-04-15,41.94,42.29,41.9,42.2,12583053,XLK
2015-04-16,42.03,42.18,41.93,42.05,9114345,XLK
2015-04-17,41.7,41.79,41.34,41.47,10159434,XLK
2015-04-20,41.66,42.23,41.64,42.18,4845778,XLK
2015-04-21,42.43,42.44,42.11,42.16,5001390,XLK
2015-04-22,42.23,42.63,42.09,42.59,6095141,XLK
2015-04-23,42.49,42.93,42.39,42.76,5899808,XLK
2015-04-24,43.1,43.18,42.89,43.13,6228816,XLK
2015-04-27,43.29,43.43,43.16,43.25,9250682,XLK
2015-04-28,43.29,43.55,42.95,43.39,9149837,XLK
2015-04-29,43.18,43.44,42.91,43.18,8571130,XLK
2015-04-30,42.96,43.09,42.41,42.58,8652555,XLK
2015-05-01,42.84,43.12,42.72,43.1,10548396,XLK
2015-05-04,43.2,43.36,43.12,43.14,7698750,XLK
2015-05-05,43.03,43.1,42.44,42.47,8104890,XLK
2015-05-06,42.63,42.71,41.86,42.11,9873883,XLK
2015-05-07,42.18,42.57,42.09,42.42,5640285,XLK
2015-05-08,42.85,43.06,42.78,43.03,9819247,XLK
2015-05-11,43.0,43.05,42.77,42.81,6046481,XLK
2015-05-12,42.58,42.77,42.21,42.58,7650527,XLK
2015-05-13,42.76,43.01,42.67,42.76,9306475,XLK
2015-05-14,43.1,43.47,43.06,43.45,6976158,XLK
2015-05-15,43.54,43.58,43.21,43.31,8468238,XLK
2015-05-18,43.25,43.6,43.19,43.52,3393310,XLK
2015-05-19,43.57,43.62,43.36,43.41,4565385,XLK
2015-05-20,43.44,43.67,43.28,43.44,11010945,XLK
2015-05-21,43.38,43.68,43.33,43.63,3713121,XLK
2015-05-22,43.49,43.71,43.49,43.6,3968539,XLK
2015-05-26,43.47,43.5,42.84,42.97,7924384,XLK
2015-05-27,43.13,43.81,43.1,43.78,12587062,XLK
2015-05-28,43.64,43.77,43.56,43.69,4664843,XLK
2015-05-29,43.69,43.71,43.26,43.37,7738375,XLK
2015-06-01,43.62,43.64,43.22,43.49,6936313,XLK
2015-06-02,43.33,43.6,43.12,43.4,5637768,XLK
2015-06-03,43.47,43.73,43.41,43.49,5657318,XLK
2015-06-04,43.25,43.5,42.99,43.09,8347252,XLK
2015-06-05,43.04,43.13,42.76,42.95,7727487,XLK
2015-06-08,42.94,42.95,42.39,42.47,8379498,XLK
2015-06-09,42.4,42.53,42.09,42.37,7706653,XLK
2015-06-10,42.47,43.12,42.47,43.03,8964836,XLK
2015-06-11,43.18,43.29,42.99,43.05,5644698,XLK
2015-06-12,42.84,42.91,42.63,42.67,6158829,XLK
2015-06-15,42.39,42.47,42.09,42.41,9179103,XLK
2015-06-16,42.39,42.74,42.32,42.69,9173344,XLK
2015-06-17,42.72,42.88,42.46,42.71,11023877,XLK
2015-06-18,42.69,43.16,42.68,43.09,8963184,XLK
2015-06-19,42.81,42.91,42.54,42.54,13434832,XLK
2015-06-22,42.9,43.02,42.79,42.89,5437990,XLK
2015-06-23,42.98,42.99,42.82,42.92,3993334,XLK
2015-06-24,42.82,43.07,42.72,42.72,4846785,XLK
2015-06-25,42.95,42.98,42.61,42.62,4913848,XLK
2015-06-26,42.59,42.64,42.14,42.26,10174298,XLK
2015-06-29,41.81,42.06,41.35,41.36,13107438,XLK
2015-06-30,41.67,41.69,41.29,41.4,11382948,XLK
2015-07-01,41.77,41.86,41.5,41.68,8149497,XLK
2015-07-02,41.8,41.88,41.58,41.74,5160664,XLK
2015-07-06,41.45,41.76,41.34,41.57,7509025,XLK
2015-07-07,41.65,41.69,40.85,41.63,19659913,XLK
2015-07-08,41.29,41.38,40.93,40.95,16160046,XLK
2015-07-09,41.42,41.53,40.79,40.79,8993801,XLK
2015-07-10,41.31,41.58,41.21,41.44,6748349,XLK
2015-07-13,41.7,42.1,41.69,42.07,7071532,XLK
2015-07-14,42.08,42.34,42.06,42.23,6126352,XLK
2015-07-15,42.21,42.37,42.12,42.24,6538481,XLK
2015-07-16,42.57,42.8,42.49,42.78,5206622,XLK
2015-07-17,43.15,43.44,43.09,43.44,7775002,XLK
2015-07-20,43.59,43.81,43.44,43.67,9309458,XLK
2015-07-21,43.45,43.61,43.34,43.38,5975225,XLK
2015-07-22,42.53,42.89,42.5,42.68,8591254,XLK
2015-07-23,42.8,42.97,42.49,42.59,6322622,XLK
2015-07-24,42.8,42.86,42.33,42.36,9746087,XLK
2015-07-27,42.02,42.29,41.92,41.98,8653585,XLK
2015-07-28,42.16,42.44,41.87,42.36,7887533,XLK
2015-07-29,42.36,42.73,42.21,42.64,8376345,XLK
2015-07-30,42.46,42.79,42.26,42.72,6808201,XLK
2015-07-31,42.77,42.84,42.5,42.58,10911997,XLK
2015-08-03,42.56,42.63,42.09,42.35,9198287,XLK
2015-08-04,42.31,42.35,41.95,42.1,7382741,XLK
2015-08-05,42.37,42.81,42.28,42.51,10392779,XLK
2015-08-06,42.51,42.68,41.94,42.09,6509876,XLK
2015-08-07,41.99,42.18,41.83,42.12,7912517,XLK
2015-08-10,42.31,42.83,42.31,42.78,5572027,XLK
2015-08-11,42.66,42.72,42.02,42.14,27344543,XLK
2015-08-12,41.83,42.41,41.44,42.33,10035699,XLK
2015-08-13,42.36,42.49,42.13,42.21,6643870,XLK
2015-08-14,42.1,42.46,42.07,42.42,5953004,XLK
2015-08-17,42.26,42.67,42.12,42.66,5591698,XLK
2015-08-18,42.56,42.62,42.39,42.44,4691890,XLK
2015-08-19,42.31,42.52,41.92,42.16,9227613,XLK
2015-08-20,41.71,41.89,41.13,41.13,13726872,XLK
2015-08-21,40.69,41.0,39.56,39.56,23666433,XLK
2015-08-24,37.01,39.61,31.32,38.14,36103937,XLK
2015-08-25,39.47,39.54,37.66,37.7,18605422,XLK
2015-08-26,38.45,39.66,38.12,39.6,34388362,XLK
2015-08-27,40.14,40.53,39.63,40.52,20105542,XLK
2015-08-28,40.34,40.67,40.25,40.6,13836134,XLK
2015-08-31,40.27,40.67,40.13,40.23,11050274,XLK
2015-09-01,39.38,39.72,38.75,38.94,21289046,XLK
2015-09-02,39.52,39.92,39.14,39.88,12685139,XLK
2015-09-03,40.1,40.42,39.79,39.91,11031133,XLK
2015-09-04,39.38,39.58,39.11,39.3,13780461,XLK
2015-09-08,40.05,40.43,39.95,40.4,9454634,XLK
2015-09-09,40.66,40.86,39.78,39.87,9652295,XLK
2015-09-10,39.81,40.5,39.79,40.27,14024421,XLK
2015-09-11,39.99,40.46,39.98,40.46,6859731,XLK
2015-09-14,40.63,40.67,40.26,40.36,7445376,XLK
2015-09-15,40.49,40.99,40.38,40.88,8805981,XLK
2015-09-16,40.83,41.09,40.78,41.05,7718131,XLK
2015-09-17,40.88,41.4,40.63,40.77,16782643,XLK
2015-09-18,40.11,40.48,39.97,40.06,18115054,XLK
2015-09-21,40.13,40.58,40.09,40.46,6960565,XLK
2015-09-22,39.81,39.97,39.53,39.78,12288203,XLK
2015-09-23,39.92,40.03,39.66,39.88,5678204,XLK
2015-09-24,39.43,39.99,39.22,39.88,11028166,XLK
2015-09-25,40.25,40.3,39.63,39.81,10828935,XLK
2015-09-28,39.64,39.7,38.88,38.9,12583343,XLK
2015-09-29,39.0,39.26,38.45,38.73,13103413,XLK
2015-09-30,39.2,39.56,39.09,39.5,12466813,XLK
2015-10-01,39.5,39.64,38.99,39.52,13518040,XLK
2015-10-02,39.06,40.08,38.92,40.08,14917041,XLK
2015-10-05,40.33,40.97,40.25,40.87,8568850,XLK
2015-10-06,40.73,41.01,40.72,40.92,9857852,XLK
2015-10-07,41.14,41.28,40.62,41.11,15218922,XLK
2015-10-08,40.95,41.38,40.75,41.3,15374751,XLK
2015-10-09,41.42,41.51,41.25,41.48,11376513,XLK
2015-10-12,41.57,41.6,41.35,41.53,6343682,XLK
2015-10-13,41.31,41.69,41.3,41.44,8951820,XLK
2015-10-14,41.32,41.61,41.25,41.36,12756050,XLK
2015-10-15,41.53,41.91,41.51,41.89,8421884,XLK
2015-10-16,42.0,42.0,41.72,41.97,7486266,XLK
2015-10-19,41.88,42.13,41.76,42.13,7092059,XLK
2015-10-20,41.96,42.14,41.85,42.02,5928927,XLK
2015-10-21,42.11,42.22,41.65,41.7,9417169,XLK
2015-10-22,42.0,42.73,42.0,42.64,14236003,XLK
2015-10-23,43.7,44.0,43.56,43.83,16691718,XLK
2015-10-26,43.79,43.79,43.5,43.66,8288147,XLK
2015-10-27,43.56,43.68,43.36,43.41,7678977,XLK
2015-10-28,43.61,44.06,43.48,44.06,14779552,XLK
2015-10-29,43.8,44.0,43.67,43.94,7609015,XLK
2015-10-30,44.01,44.02,43.64,43.65,9339523,XLK
2015-11-02,43.73,44.06,43.62,44.04,13743283,XLK
2015-11-03,43.9,44.43,43.82,44.27,6879046,XLK
2015-11-04,44.37,44.44,44.21,44.32,7298611,XLK
2015-11-05,44.36,44.58,44.1,44.19,6728787,XLK
2015-11-06,44.14,44.36,43.98,44.34,6868946,XLK
2015-11-09,44.21,44.21,43.7,43.91,10146232,XLK
2015-11-10,43.66,43.67,43.44,43.62,17273264,XLK
2015-11-11,43.72,43.94,43.53,43.6,8201149,XLK
2015-11-12,43.39,43.6,43.21,43.22,8033958,XLK
2015-11-13,43.07,43.13,42.36,42.37,15044928,XLK
2015-11-16,42.3,43.03,42.28,43.02,9079200,XLK
2015-11-17,43.11,43.36,42.94,43.03,9394585,XLK
2015-11-18,43.23,43.72,43.18,43.68,10166809,XLK
2015-11-19,43.72,44.09,43.71,43.88,9367494,XLK
2015-11-20,44.06,44.22,44.01,44.2,7288219,XLK
2015-11-23,44.23,44.25,43.78,43.94,7227077,XLK
2015-11-24,43.61,44.09,43.51,43.95,11303412,XLK
2015-11-25,43.96,43.97,43.8,43.81,6576566,XLK
2015-11-27,43.86,43.99,43.79,43.91,3800711,XLK
2015-11-30,43.97,44.1,43.81,43.96,17025593,XLK
2015-12-01,44.14,44.36,44.05,44.35,7779488,XLK
2015-12-02,44.4,44.57,44.02,44.07,9697088,XLK
2015-12-03,44.19,44.32,43.29,43.5,11854265,XLK
2015-12-04,43.63,44.65,43.54,44.57,12840171,XLK
2015-12-07,44.52,44.56,44.14,44.35,12814944,XLK
2015-12-08,43.97,44.36,43.84,44.24,11378344,XLK
2015-12-09,44.05,44.38,43.38,43.59,16254221,XLK
2015-12-10,43.71,44.04,43.58,43.71,9073446,XLK
2015-12-11,43.23,43.34,42.77,42.8,16960319,XLK
2015-12-14,42.79,43.14,42.35,43.13,21034227,XLK
2015-12-15,43.46,43.62,43.26,43.32,17021931,XLK
2015-12-16,43.59,43.99,43.15,43.91,18173802,XLK
2015-12-17,44.09,44.09,43.21,43.22,12108646,XLK
2015-12-18,42.88,42.97,42.1,42.17,22813935,XLK
2015-12-21,42.52,42.63,42.24,42.6,11163279,XLK
2015-12-22,42.76,42.98,42.56,42.91,9482597,XLK
2015-12-23,43.14,43.31,43.0,43.27,8045250,XLK
2015-12-24,43.3,43.36,43.2,43.25,2457019,XLK
2015-12-28,43.09,43.25,42.85,43.22,7177228,XLK
2015-12-29,43.48,43.92,43.39,43.81,6809184,XLK
2015-12-30,43.79,43.79,43.44,43.44,7196520,XLK
2015-12-31,43.29,43.32,42.83,42.83,8834468,XLK
2016-01-04,42.06,42.28,41.61,42.27,21638628,XLK
2016-01-05,42.4,42.5,41.97,42.16,16067215,XLK
2016-01-06,41.54,41.92,41.39,41.64,13858365,XLK
2016-01-07,40.79,41.32,40.39,40.41,16840659,XLK
2016-01-08,40.76,40.9,40.04,40.09,19233104,XLK
2016-01-11,40.37,40.53,39.85,40.35,19135121,XLK
2016-01-12,40.78,40.92,40.31,40.83,15841629,XLK
2016-01-13,41.13,41.13,39.66,39.73,21962326,XLK
2016-01-14,39.9,40.79,39.42,40.48,19795563,XLK
2016-01-15,39.16,39.72,38.86,39.34,20177759,XLK
2016-01-19,39.8,39.87,39.03,39.38,19658750,XLK
2016-01-20,38.71,39.46,38.03,39.07,29631845,XLK
2016-01-21,39.29,39.86,38.8,39.29,22135853,XLK
2016-01-22,40.04,40.39,39.98,40.38,11248235,XLK
2016-01-25,40.16,40.51,39.84,39.91,10480637,XLK
2016-01-26,40.07,40.39,39.82,40.3,11473681,XLK
2016-01-27,39.97,40.21,39.29,39.47,18022352,XLK
2016-01-28,40.05,40.13,39.5,39.98,17566801,XLK
2016-01-29,40.31,41.27,40.23,41.24,16113314,XLK
2016-02-01,41.07,41.58,41.04,41.39,14797320,XLK
2016-02-02,41.27,41.28,40.52,40.65,13951155,XLK
2016-02-03,40.91,40.93,39.97,40.6,21506247,XLK
2016-02-04,40.52,40.91,40.21,40.64,18203043,XLK
2016-02-05,40.48,40.55,39.34,39.5,23777385,XLK
2016-02-08,38.84,39.04,38.26,38.93,24820851,XLK
2016-02-09,38.46,39.3,38.4,38.75,24755356,XLK
2016-02-10,39.08,39.53,38.79,38.83,16974976,XLK
2016-02-11,38.33,38.98,38.25,38.73,24627335,XLK
2016-02-12,39.04,39.3,38.82,39.27,10893423,XLK
2016-02-16,39.71,39.98,39.49,39.97,10293312,XLK
2016-02-17,40.2,40.87,40.15,40.79,11128836,XLK
2016-02-18,40.93,40.98,40.55,40.63,11578396,XLK
2016-02-19,40.48,40.78,40.38,40.66,8579509,XLK
2016-02-22,41.03,41.26,40.97,41.2,6590650,XLK
2016-02-23,41.03,41.07,40.47,40.55,8189484,XLK
2016-02-24,40.11,40.94,39.9,40.86,10144362,XLK
2016-02-25,41.0,41.39,40.68,41.37,9403419,XLK
2016-02-26,41.6,41.64,41.17,41.26,9772945,XLK
2016-02-29,41.22,41.61,40.97,40.97,13601895,XLK
2016-03-01,41.32,42.19,41.26,42.19,12304420,XLK
2016-03-02,42.04,42.31,41.97,42.31,8748244,XLK
2016-03-03,42.33,42.34,41.98,42.31,7883885,XLK
2016-03-04,42.32,42.63,42.15,42.42,7885913,XLK
2016-03-07,42.18,42.35,41.85,42.16,15813499,XLK
2016-03-08,41.91,42.25,41.75,41.9,11700533,XLK
2016-03-09,41.96,42.27,41.96,42.26,12160586,XLK
2016-03-10,42.44,42.63,41.7,42.22,12938424,XLK
2016-03-11,42.64,42.88,42.54,42.87,8820147,XLK
2016-03-14,42.74,43.0,42.72,42.92,10060929,XLK
2016-03-15,42.75,43.12,42.73,43.08,6321100,XLK
2016-03-16,42.88,43.65,42.87,43.58,14756858,XLK
2016-03-17,43.5,43.88,43.45,43.74,9367148,XLK
2016-03-18,43.69,43.72,43.4,43.59,9414370,XLK
2016-03-21,43.49,43.76,43.47,43.74,8003471,XLK
2016-03-22,43.54,43.92,43.54,43.75,13112858,XLK
2016-03-23,43.69,43.74,43.41,43.5,10675096,XLK
2016-03-24,43.31,43.62,43.25,43.62,6743333,XLK
2016-03-28,43.66,43.72,43.43,43.51,6407959,XLK
2016-03-29,43.43,44.22,43.38,44.19,10081507,XLK
2016-03-30,44.42,44.67,44.35,44.45,10988322,XLK
2016-03-31,44.39,44.58,44.28,44.36,14594927,XLK
2016-04-01,44.05,44.72,44.01,44.7,9654907,XLK
2016-04-04,44.63,44.73,44.44,44.53,7646170,XLK
2016-04-05,44.24,44.35,44.01,44.1,10726144,XLK
2016-04-06,44.11,44.53,43.95,44.53,11138477,XLK
2016-04-07,44.21,44.3,43.72,43.89,10631220,XLK
2016-04-08,44.12,44.29,43.74,43.89,8762796,XLK
2016-04-11,44.08,44.34,43.77,43.77,8138585,XLK
2016-04-12,43.85,44.11,43.55,44.07,9591974,XLK
2016-04-13,44.33,44.59,44.28,44.52,7876600,XLK
2016-04-14,44.46,44.65,44.36,44.51,6502749,XLK
2016-04-15,44.45,44.57,44.25,44.34,6460875,XLK
2016-04-18,44.21,44.53,44.14,44.53,7113020,XLK
2016-04-19,44.61,44.66,44.03,44.28,6470997,XLK
2016-04-20,44.32,44.57,44.19,44.37,6877832,XLK
2016-04-21,44.31,44.4,44.1,44.21,11277897,XLK
2016-04-22,43.51,43.73,43.21,43.44,14924441,XLK
2016-04-25,43.32,43.47,43.21,43.45,9357526,XLK
2016-04-26,43.5,43.6,43.1,43.24,7367371,XLK
2016-04-27,42.69,43.09,42.53,43.04,12779629,XLK
2016-04-28,43.11,43.26,42.36,42.5,22669609,XLK
2016-04-29,42.26,42.33,41.82,42.13,11896165,XLK
2016-05-02,42.22,42.49,42.04,42.44,12552678,XLK
2016-05-03,42.15,42.24,41.91,42.05,12531192,XLK
2016-05-04,41.86,42.04,41.8,41.92,11245655,XLK
2016-05-05,42.04,42.14,41.84,41.94,13559918,XLK
2016-05-06,41.76,42.25,41.76,42.25,9229886,XLK
2016-05-09,42.27,42.45,42.22,42.25,7541183,XLK
2016-05-10,42.38,42.8,42.33,42.8,13920189,XLK
2016-05-11,42.69,42.93,42.49,42.49,7151465,XLK
2016-05-12,42.65,42.65,42.1,42.37,9336628,XLK
2016-05-13,42.36,42.62,42.16,42.21,10921355,XLK
2016-05-16,42.25,42.9,42.25,42.8,6394168,XLK
2016-05-17,42.67,42.88,42.24,42.37,9940068,XLK
2016-05-18,42.26,42.78,42.2,42.45,10903724,XLK
2016-05-19,42.35,42.4,41.97,42.22,8634847,XLK
2016-05-20,42.45,42.83,42.42,42.73,5873037,XLK
2016-05-23,42.71,42.89,42.61,42.65,8427695,XLK
2016-05-24,42.82,43.52,42.82,43.45,9461493,XLK
2016-05-25,43.63,43.89,43.57,43.75,9841925,XLK
2016-05-26,43.75,43.96,43.66,43.89,6517143,XLK
2016-05-27,43.88,44.16,43.83,44.1,7788018,XLK
2016-05-31,44.14,44.25,43.93,44.19,12371423,XLK
2016-06-01,44.04,44.2,43.97,44.08,6885457,XLK
2016-06-02,43.9,44.04,43.68,44.04,7764500,XLK
2016-06-03,43.98,44.04,43.7,43.94,8304713,XLK
2016-06-06,43.97,44.18,43.93,44.02,8635585,XLK
2016-06-07,44.16,44.3,44.15,44.2,4409439,XLK
2016-06-08,44.19,44.36,44.12,44.29,8158477,XLK
2016-06-09,44.11,44.35,44.08,44.3,12919521,XLK
2016-06-10,43.96,44.11,43.81,43.96,8282597,XLK
2016-06-13,43.57,43.83,43.46,43.47,11852077,XLK
2016-06-14,43.37,43.64,43.26,43.57,8420593,XLK
2016-06-15,43.64,43.73,43.41,43.46,7078108,XLK
2016-06-16,43.24,43.62,43.0,43.55,9596270,XLK
2016-06-17,43.25,43.35,42.86,43.05,11465214,XLK
2016-06-20,43.43,43.61,43.22,43.23,6855969,XLK
2016-06-21,43.36,43.63,43.32,43.53,5743865,XLK
2016-06-22,43.54,43.7,43.33,43.38,6495250,XLK
2016-06-23,43.66,44.01,43.5,43.97,9763425,XLK
2016-06-24,42.42,43.14,42.19,42.28,23623029,XLK
2016-06-27,41.97,41.97,41.26,41.43,18516994,XLK
2016-06-28,41.89,42.25,41.82,42.25,13244697,XLK
2016-06-29,42.54,42.97,42.53,42.9,10504239,XLK
2016-06-30,43.0,43.39,42.9,43.37,13355324,XLK
2016-07-01,43.4,43.6,43.34,43.47,7474705,XLK
2016-07-05,43.24,43.3,43.02,43.15,8680740,XLK
2016-07-06,43.01,43.46,42.86,43.45,7850842,XLK
2016-07-07,43.41,43.65,43.29,43.45,6166060,XLK
2016-07-08,43.66,44.16,43.61,44.13,12748165,XLK
2016-07-11,44.27,44.49,44.23,44.39,5831795,XLK
2016-07-12,44.69,44.81,44.55,44.75,16042816,XLK
2016-07-13,44.88,44.91,44.73,44.76,10609441,XLK
2016-07-14,45.01,45.15,44.91,45.05,15488264,XLK
2016-07-15,45.2,45.2,44.88,45.01,4864805,XLK
2016-07-18,45.08,45.36,45.0,45.31,4107249,XLK
2016-07-19,45.23,45.32,45.14,45.21,4457922,XLK
2016-07-20,45.56,45.88,45.5,45.8,5384911,XLK
2016-07-21,45.81,45.87,45.45,45.56,5473385,XLK
2016-07-22,45.53,45.83,45.43,45.83,4707250,XLK
2016-07-25,45.75,45.86,45.63,45.77,4244901,XLK
2016-07-26,45.82,46.01,45.65,45.87,9057685,XLK
2016-07-27,46.37,46.37,46.03,46.25,10910076,XLK
2016-07-28,46.31,46.42,46.1,46.28,6329670,XLK
2016-07-29,46.48,46.56,46.31,46.45,10589749,XLK
2016-08-01,46.45,46.63,46.37,46.54,7841696,XLK
2016-08-02,46.45,46.55,45.97,46.19,11112406,XLK
2016-08-03,46.15,46.35,46.14,46.35,7980940,XLK
2016-08-04,46.36,46.62,46.32,46.6,8376364,XLK
2016-08-05,46.75,47.07,46.7,47.05,6063052,XLK
2016-08-08,47.1,47.22,46.94,47.04,5219585,XLK
2016-08-09,47.04,47.26,47.04,47.14,14918477,XLK
2016-08-10,47.16,47.18,46.93,46.99,3556299,XLK
2016-08-11,47.14,47.29,47.09,47.16,5259325,XLK
2016-08-12,47.15,47.15,47.01,47.11,3468714,XLK
2016-08-15,47.17,47.43,47.14,47.34,8276742,XLK
2016-08-16,47.26,47.26,46.99,46.99,4538978,XLK
2016-08-17,47.01,47.03,46.7,46.97,5287546,XLK
2016-08-18,46.96,47.04,46.82,46.99,3543209,XLK
2016-08-19,46.86,47.06,46.75,47.02,4788309,XLK
2016-08-22,46.89,47.07,46.81,47.02,4628665,XLK
2016-08-23,47.16,47.3,47.15,47.19,8315308,XLK
2016-08-24,47.17,47.19,46.82,46.93,6824434,XLK
2016-08-25,46.85,47.09,46.77,47.03,5912652,XLK
2016-08-26,47.0,47.39,46.8,47.05,12113571,XLK
2016-08-29,47.03,47.3,47.03,47.23,6982772,XLK
2016-08-30,47.14,47.24,46.91,47.07,5718155,XLK
2016-08-31,47.01,47.06,46.84,46.99,11161161,XLK
2016-09-01,46.98,47.18,46.77,47.14,9239600,XLK
2016-09-02,47.37,47.48,47.14,47.35,6907176,XLK
2016-09-06,47.38,47.59,47.32,47.59,15107377,XLK
2016-09-07,47.59,47.72,47.46,47.71,11584977,XLK
2016-09-08,47.54,47.55,47.2,47.32,8302600,XLK
2016-09-09,46.89,47.06,46.16,46.16,16809191,XLK
2016-09-12,45.93,47.03,45.86,46.93,19010477,XLK
2016-09-13,46.75,46.92,46.4,46.59,17358765,XLK
2016-09-14,46.6,47.1,46.59,46.81,17108742,XLK
2016-09-15,46.91,47.67,46.81,47.58,16319148,XLK
2016-09-16,47.4,47.4,47.0,47.21,15883059,XLK
2016-09-19,47.33,47.56,46.99,47.12,7121315,XLK
2016-09-20,47.28,47.37,47.03,47.09,5001096,XLK
2016-09-21,47.27,47.65,47.09,47.62,12047883,XLK
2016-09-22,47.9,47.97,47.79,47.91,10498539,XLK
2016-09-23,47.9,47.9,47.41,47.49,11986538,XLK
2016-09-26,47.29,47.37,47.12,47.21,9620379,XLK
2016-09-27,47.27,47.75,47.15,47.73,8784549,XLK
2016-09-28,47.77,47.84,47.52,47.82,9048720,XLK
2016-09-29,47.76,47.88,47.39,47.53,11406897,XLK
2016-09-30,47.64,47.93,47.6,47.78,9255328,XLK
2016-10-03,47.65,47.76,47.53,47.64,6231442,XLK
2016-10-04,47.8,47.88,47.3,47.47,8902234,XLK
2016-10-05,47.6,47.75,47.55,47.64,9007846,XLK
2016-10-06,47.68,47.8,47.47,47.75,5005874,XLK
2016-10-07,47.79,47.85,47.39,47.62,6073940,XLK
2016-10-10,47.87,48.06,47.84,47.95,6657950,XLK
2016-10-11,47.95,48.01,47.2,47.41,8727329,XLK
2016-10-12,47.45,47.62,47.21,47.49,5520367,XLK
2016-10-13,47.18,47.34,46.79,47.19,9669204,XLK
2016-10-14,47.38,47.69,47.33,47.37,9448281,XLK
2016-10-17,47.37,47.47,47.24,47.27,5075076,XLK
2016-10-18,47.62,47.74,47.47,47.53,5058937,XLK
2016-10-19,47.5,47.67,47.41,47.62,5034977,XLK
2016-10-20,47.5,47.52,47.17,47.4,6148003,XLK
2016-10-21,47.47,47.56,47.34,47.53,8076945,XLK
2016-10-24,47.78,48.02,47.74,47.99,5393134,XLK
2016-10-25,48.06,48.06,47.73,47.82,4362405,XLK
2016-10-26,47.42,47.81,47.4,47.55,6279706,XLK
2016-10-27,47.76,47.77,47.43,47.49,8821067,XLK
2016-10-28,47.62,47.93,47.32,47.44,10418875,XLK
2016-10-31,47.56,47.63,47.42,47.42,5879960,XLK
2016-11-01,47.52,47.57,46.69,47.01,9065290,XLK
2016-11-02,47.01,47.15,46.6,46.71,8167290,XLK
2016-11-03,46.58,46.68,46.24,46.26,10125726,XLK
2016-11-04,46.22,46.55,46.06,46.18,8153967,XLK
2016-11-07,46.86,47.2,46.75,47.18,13225998,XLK
2016-11-08,47.09,47.61,47.04,47.41,9780031,XLK
2016-11-09,46.69,47.43,46.44,47.35,27129429,XLK
2016-11-10,47.62,47.62,45.94,46.59,39515508,XLK
2016-11-11,46.33,46.83,46.33,46.73,14091551,XLK
2016-11-14,46.77,46.8,45.8,46.02,18970968,XLK
2016-11-15,46.33,46.83,46.31,46.67,17370846,XLK
2016-11-16,46.56,47.13,46.5,47.1,10124244,XLK
2016-11-17,47.16,47.44,47.05,47.4,8524101,XLK
2016-11-18,47.51,47.61,47.27,47.36,8822991,XLK
2016-11-21,47.53,47.88,47.46,47.84,8975710,XLK
2016-11-22,48.0,48.07,47.88,47.99,8489187,XLK
2016-11-23,47.96,47.96,47.63,47.8,8116794,XLK
2016-11-25,47.83,48.01,47.78,48.0,3109508,XLK
2016-11-28,47.96,48.26,47.93,48.04,7487843,XLK
2016-11-29,48.01,48.3,47.9,48.07,5928430,XLK
2016-11-30,48.14,48.14,47.49,47.5,11816590,XLK
2016-12-01,47.44,47.56,46.39,46.52,21865579,XLK
2016-12-02,46.48,46.8,46.37,46.69,10052653,XLK
2016-12-05,46.95,47.26,46.76,47.14,9005036,XLK
2016-12-06,47.25,47.36,47.06,47.28,9254789,XLK
2016-12-07,47.25,48.22,47.22,48.18,9972934,XLK
2016-12-08,48.2,48.51,48.07,48.3,9677051,XLK
2016-12-09,48.48,48.65,48.4,48.65,12307454,XLK
2016-12-12,48.5,48.61,48.35,48.5,9585230,XLK
2016-12-13,48.71,49.35,48.68,49.11,13966966,XLK
2016-12-14,49.14,49.33,48.84,48.94,17915012,XLK
2016-12-15,49.0,49.41,48.92,49.16,11570018,XLK
2016-12-16,49.08,49.09,48.52,48.59,10565736,XLK
2016-12-19,48.63,49.1,48.59,48.94,6626990,XLK
2016-12-20,49.07,49.2,49.0,49.12,5706485,XLK
2016-12-21,49.1,49.12,48.92,49.02,4623681,XLK
2016-12-22,49.02,49.05,48.77,48.92,11105195,XLK
2016-12-23,48.87,48.98,48.78,48.97,6358653,XLK
2016-12-27,49.02,49.4,49.0,49.17,6840653,XLK
2016-12-28,49.23,49.3,48.71,48.73,7777577,XLK
2016-12-29,48.73,48.87,48.62,48.74,4796544,XLK
2016-12-30,48.85,48.85,48.21,48.36,8501616,XLK
2017-01-03,48.67,48.96,48.5,48.79,13940564,XLK
2017-01-04,48.83,49.03,48.8,48.96,7223081,XLK
2017-01-05,48.91,49.16,48.85,49.04,5502865,XLK
2017-01-06,49.04,49.47,48.9,49.4,8750635,XLK
2017-01-09,49.43,49.55,49.36,49.39,8313464,XLK
2017-01-10,49.4,49.57,49.23,49.4,7735815,XLK
2017-01-11,49.31,49.63,49.25,49.63,7586507,XLK
2017-01-12,49.44,49.57,49.04,49.51,6862721,XLK
2017-01-13,49.51,49.75,49.51,49.66,4832928,XLK
2017-01-17,49.53,49.61,49.36,49.47,4825753,XLK
2017-01-18,49.61,49.67,49.48,49.6,6157702,XLK
2017-01-19,49.6,49.78,49.44,49.53,7250031,XLK
2017-01-20,49.75,49.93,49.67,49.8,8755400,XLK
2017-01-23,49.75,49.91,49.54,49.89,11977629,XLK
2017-01-24,49.85,50.28,49.83,50.2,6510953,XLK
2017-01-25,50.47,50.68,50.43,50.68,9197791,XLK
2017-01-26,50.67,50.71,50.4,50.54,7126488,XLK
2017-01-27,50.72,50.83,50.63,50.74,6023012,XLK
2017-01-30,50.57,50.57,50.1,50.33,8446577,XLK
2017-01-31,50.17,50.22,49.86,50.08,9557845,XLK
2017-02-01,50.54,50.62,50.18,50.46,11681141,XLK
2017-02-02,50.31,50.45,50.1,50.36,8598869,XLK
2017-02-03,50.55,50.76,50.54,50.69,6833575,XLK
2017-02-06,50.62,50.73,50.49,50.72,6726518,XLK
2017-02-07,50.82,50.98,50.78,50.92,10053184,XLK
2017-02-08,50.97,51.09,50.78,51.01,6353085,XLK
2017-02-09,51.04,51.3,51.01,51.17,4870022,XLK
2017-02-10,51.29,51.4,51.16,51.32,4177870,XLK
2017-02-13,51.41,51.61,51.34,51.55,6579703,XLK
2017-02-14,51.49,51.72,51.34,51.72,6233755,XLK
2017-02-15,51.68,51.93,51.63,51.89,5947517,XLK
2017-02-16,51.96,52.15,51.89,52.01,7061549,XLK
2017-02-17,51.95,52.19,51.87,52.19,7087697,XLK
2017-02-21,52.3,52.48,52.22,52.46,7618703,XLK
2017-02-22,52.41,52.56,52.3,52.52,6884815,XLK
2017-02-23,52.59,52.63,52.28,52.51,6702668,XLK
2017-02-24,52.2,52.65,52.17,52.63,7772505,XLK
2017-02-27,52.62,52.62,52.48,52.6,7975631,XLK
2017-02-28,52.51,52.56,52.27,52.35,7621497,XLK
2017-03-01,52.67,53.16,52.55,53.09,9095297,XLK
2017-03-02,53.04,53.05,52.71,52.74,7170012,XLK
2017-03-03,52.7,52.86,52.59,52.86,7856975,XLK
2017-03-06,52.64,52.87,52.55,52.78,6715162,XLK
2017-03-07,52.74,53.0,52.7,52.78,6980447,XLK
2017-03-08,52.84,53.0,52.77,52.84,5680931,XLK
2017-03-09,52.85,52.91,52.57,52.83,7650187,XLK
2017-03-10,53.08,53.22,52.89,53.11,7354788,XLK
2017-03-13,53.11,53.22,53.06,53.16,7461245,XLK
2017-03-14,53.12,53.12,52.84,53.04,7239872,XLK
2017-03-15,53.12,53.49,52.96,53.4,8933564,XLK
2017-03-16,53.6,53.62,53.37,53.43,10977953,XLK
2017-03-17,53.43,53.51,53.32,53.34,6895356,XLK
2017-03-20,53.35,53.51,53.24,53.37,4541841,XLK
2017-03-21,53.53,53.66,52.59,52.61,14905546,XLK
2017-03-22,52.62,53.02,52.55,52.94,11383320,XLK
2017-03-23,52.86,53.02,52.72,52.8,11359352,XLK
2017-03-24,52.98,53.16,52.66,52.84,13140900,XLK
2017-03-27,52.4,52.95,52.33,52.84,6845008,XLK
2017-03-28,52.79,53.34,52.7,53.22,8453958,XLK
2017-03-29,53.2,53.34,53.08,53.31,5705132,XLK
2017-03-30,53.27,53.48,53.23,53.41,8754343,XLK
2017-03-31,53.36,53.49,53.25,53.31,6103498,XLK
2017-04-03,53.36,53.44,52.94,53.26,13017947,XLK
2017-04-04,53.04,53.3,53.02,53.3,7520797,XLK
2017-04-05,53.35,53.71,53.03,53.08,10477873,XLK
2017-04-06,53.14,53.25,52.96,53.09,6935088,XLK
2017-04-07,53.01,53.2,52.87,53.06,6469388,XLK
2017-04-10,53.09,53.22,52.85,52.96,4843637,XLK
2017-04-11,52.87,52.95,52.33,52.76,8457135,XLK
2017-04-12,52.71,52.77,52.48,52.58,8684215,XLK
2017-04-13,52.52,52.87,52.37,52.37,9766588,XLK
2017-04-17,52.53,52.87,52.53,52.85,7066033,XLK
2017-04-18,52.71,52.94,52.63,52.84,6243585,XLK
2017-04-19,52.92,53.11,52.7,52.8,7260503,XLK
2017-04-20,52.94,53.37,52.86,53.28,7581852,XLK
2017-04-21,53.3,53.31,53.07,53.17,7616549,XLK
2017-04-24,53.75,53.84,53.63,53.8,8104989,XLK
2017-04-25,54.02,54.19,53.93,54.08,10044772,XLK
2017-04-26,54.12,54.21,53.97,54.02,8147176,XLK
2017-04-27,54.16,54.28,54.11,54.24,8591719,XLK
2017-04-28,54.41,54.49,54.25,54.38,11418367,XLK
2017-05-01,54.58,54.86,54.48,54.79,7562960,XLK
2017-05-02,54.9,54.99,54.71,54.91,7535068,XLK
2017-05-03,54.73,54.85,54.56,54.81,7154453,XLK
2017-05-04,54.83,54.86,54.59,54.77,7579850,XLK
2017-05-05,54.86,54.99,54.73,54.97,6825813,XLK
2017-05-08,55.01,55.24,54.91,55.21,6070112,XLK
2017-05-09,55.27,55.43,55.17,55.28,7694281,XLK
2017-05-10,55.34,55.53,55.22,55.49,5302044,XLK
2017-05-11,55.32,55.45,55.1,55.42,9098048,XLK
2017-05-12,55.47,55.59,55.41,55.56,4653845,XLK
2017-05-15,55.63,55.87,55.6,55.87,9949265,XLK
2017-05-16,56.0,56.13,55.81,56.13,9061070,XLK
2017-05-17,55.69,55.74,54.57,54.6,18544954,XLK
2017-05-18,54.46,55.13,54.37,54.92,16822248,XLK
2017-05-19,55.22,55.41,55.16,55.24,10219114,XLK
2017-05-22,55.37,55.75,55.36,55.68,10510254,XLK
2017-05-23,55.91,55.97,55.63,55.78,6610474,XLK
2017-05-24,55.93,56.02,55.8,56.01,9427733,XLK
2017-05-25,56.19,56.53,56.08,56.41,6113536,XLK
2017-05-26,56.36,56.45,56.24,56.38,36282202,XLK
2017-05-30,56.4,56.68,56.33,56.62,5925282,XLK
2017-05-31,56.83,56.85,56.34,56.53,14246143,XLK
2017-06-01,56.65,56.67,56.32,56.67,8436237,XLK
2017-06-02,56.88,57.2,56.7,57.19,8491012,XLK
2017-06-05,57.19,57.39,57.12,57.24,6765833,XLK
2017-06-06,57.17,57.42,57.06,57.13,7685189,XLK
2017-06-07,57.26,57.41,57.01,57.31,8703668,XLK
2017-06-08,57.41,57.48,57.12,57.44,7102430,XLK
2017-06-09,57.52,57.62,55.22,56.02,35142479,XLK
2017-06-12,55.44,55.78,54.77,55.69,35706388,XLK
2017-06-13,55.96,56.27,55.68,56.09,18293443,XLK
2017-06-14,56.31,56.32,55.36,55.82,16180604,XLK
2017-06-15,55.19,55.65,54.95,55.57,14750458,XLK
2017-06-16,55.35,55.37,55.02,55.25,21611258,XLK
2017-06-19,55.67,56.11,55.64,56.07,9929199,XLK
2017-06-20,56.05,56.08,55.62,55.62,10957735,XLK
2017-06-21,55.81,55.96,55.64,55.93,12293150,XLK
2017-06-22,56.1,56.14,55.77,55.95,8792805,XLK
2017-06-23,55.9,56.44,55.81,56.3,16423571,XLK
2017-06-26,56.6,56.72,55.94,56.0,9727935,XLK
2017-06-27,55.7,55.8,55.08,55.08,12895539,XLK
2017-06-28,55.29,55.82,54.92,55.77,12975962,XLK
2017-06-29,55.51,55.51,54.33,54.77,20973423,XLK
2017-06-30,55.0,55.09,54.67,54.72,15371868,XLK
2017-07-03,54.95,55.05,54.28,54.34,16552937,XLK
2017-07-05,54.54,54.99,54.36,54.88,14809389,XLK
2017-07-06,54.4,54.68,54.25,54.38,12793357,XLK
2017-07-07,54.58,55.19,54.54,55.01,8818162,XLK
2017-07-10,55.02,55.54,54.94,55.41,5594233,XLK
2017-07-11,55.35,55.62,55.14,55.53,6856538,XLK
2017-07-12,55.91,56.3,55.88,56.25,16551936,XLK
2017-07-13,56.33,56.56,56.23,56.36,8125081,XLK
2017-07-14,56.6,56.92,56.52,56.86,6689615,XLK
2017-07-17,56.91,57.03,56.76,56.87,9837090,XLK
2017-07-18,56.76,57.13,56.62,57.13,9920176,XLK
2017-07-19,57.22,57.47,57.17,57.42,6673574,XLK
2017-07-20,57.58,57.6,57.21,57.54,10372868,XLK
2017-07-21,57.29,57.48,57.23,57.47,5919823,XLK
2017-07-24,57.44,57.66,57.32,57.61,5378125,XLK
2017-07-25,57.43,57.62,57.25,57.5,6880283,XLK
2017-07-26,57.81,57.82,57.53,57.72,10602647,XLK
2017-07-27,58.13,58.2,56.79,57.5,23047172,XLK
2017-07-28,57.21,57.55,57.16,57.44,10293081,XLK
2017-07-31,57.53,57.66,57.1,57.16,10982828,XLK
2017-08-01,57.45,57.5,57.24,57.45,8307155,XLK
2017-08-02,58.04,58.05,57.25,57.61,12573937,XLK
2017-08-03,57.69,57.69,57.31,57.48,10687844,XLK
2017-08-04,57.6,57.79,57.48,57.61,4756919,XLK
2017-08-07,57.69,57.96,57.67,57.96,7683006,XLK
2017-08-08,57.88,58.33,57.72,57.88,10460698,XLK
2017-08-09,57.51,57.89,57.48,57.85,6972812,XLK
2017-08-10,57.54,57.6,56.68,56.71,14911852,XLK
2017-08-11,56.8,57.29,56.73,57.1,14968108,XLK
2017-08-14,57.62,58.09,57.5,58.01,9758534,XLK
2017-08-15,58.13,58.23,57.92,58.1,7052565,XLK
2017-08-16,58.19,58.48,58.08,58.27,9055919,XLK
2017-08-17,58.05,58.14,57.13,57.13,12968882,XLK
2017-08-18,57.13,57.47,56.85,57.07,16696480,XLK
2017-08-21,57.11,57.17,56.67,57.05,7978621,XLK
2017-08-22,57.35,57.94,57.31,57.9,8461229,XLK
2017-08-23,57.58,57.92,57.56,57.76,8923746,XLK
2017-08-24,57.9,57.96,57.42,57.71,8094109,XLK
2017-08-25,57.9,58.07,57.58,57.7,8333057,XLK
2017-08-28,57.84,57.92,57.65,57.81,5993304,XLK
2017-08-29,57.34,58.14,57.27,58.06,8689804,XLK
2017-08-30,58.12,58.52,57.99,58.48,7654021,XLK
2017-08-31,58.62,58.93,58.55,58.83,9425768,XLK
2017-09-01,58.98,59.03,58.71,58.78,6013134,XLK
2017-09-05,58.61,58.72,57.87,58.26,11901718,XLK
2017-09-06,58.44,58.52,58.06,58.31,9113735,XLK
2017-09-07,58.5,58.63,58.29,58.51,7693809,XLK
2017-09-08,58.42,58.5,57.99,58.03,6259222,XLK
2017-09-11,58.49,58.91,58.49,58.85,7037299,XLK
2017-09-12,59.02,59.1,58.72,58.99,7861747,XLK
2017-09-13,58.92,58.93,58.68,58.91,8128285,XLK
2017-09-14,58.69,58.98,58.58,58.71,7626701,XLK
2017-09-15,58.45,58.79,58.35,58.74,13123809,XLK
2017-09-18,58.83,59.01,58.57,58.79,10411964,XLK
2017-09-19,58.88,59.17,58.73,59.05,5616132,XLK
2017-09-20,59.04,59.06,58.4,58.81,8950822,XLK
2017-09-21,58.79,58.79,58.3,58.49,8104649,XLK
2017-09-22,58.3,58.6,58.27,58.52,4824802,XLK
2017-09-25,58.33,58.33,57.57,57.83,13573050,XLK
2017-09-26,58.14,58.28,57.86,58.04,9053314,XLK
2017-09-27,58.3,58.81,58.21,58.63,7635478,XLK
2017-09-28,58.48,58.73,58.36,58.7,5589237,XLK
2017-09-29,58.8,59.15,58.73,59.1,12428714,XLK
2017-10-02,59.25,59.38,58.9,59.19,7571862,XLK
2017-10-03,59.24,59.36,59.17,59.33,6466221,XLK
2017-10-04,59.23,59.38,59.03,59.29,6649636,XLK
2017-10-05,59.47,59.87,59.44,59.86,6422654,XLK
2017-10-06,59.66,59.98,59.64,59.95,5926382,XLK
2017-10-09,60.04,60.23,60.0,60.1,6949243,XLK
2017-10-10,60.29,60.34,59.85,60.16,5472917,XLK
2017-10-11,60.08,60.38,60.08,60.36,4980942,XLK
2017-10-12,60.22,60.5,60.14,60.21,6106396,XLK
2017-10-13,60.43,60.61,60.43,60.5,5949956,XLK
2017-10-16,60.65,60.73,60.51,60.72,8306357,XLK
2017-10-17,60.7,60.72,60.52,60.72,5131673,XLK
2017-10-18,60.9,60.95,60.68,60.87,6091317,XLK
2017-10-19,60.61,60.76,60.29,60.69,6872564,XLK
2017-10-20,61.06,61.17,60.96,61.1,7407398,XLK
2017-10-23,61.2,61.25,60.74,60.81,7055234,XLK
2017-10-24,60.93,61.08,60.73,60.98,8035815,XLK
2017-10-25,60.84,61.02,60.25,60.65,9225908,XLK
2017-10-26,61.0,61.16,60.86,60.9,9436449,XLK
2017-10-27,61.88,62.71,61.88,62.54,14539163,XLK
2017-10-30,62.56,62.92,62.44,62.68,8574688,XLK
2017-10-31,62.92,63.08,62.67,62.95,10111336,XLK
2017-11-01,63.25,63.33,62.63,62.96,9550669,XLK
2017-11-02,62.96,63.05,62.51,62.99,10224594,XLK
2017-11-03,63.32,63.55,62.95,63.49,7659654,XLK
2017-11-06,63.45,63.65,63.41,63.63,6000230,XLK
2017-11-07,63.7,63.72,63.4,63.66,5775620,XLK
2017-11-08,63.66,64.02,63.49,64.01,9100464,XLK
2017-11-09,63.52,63.61,62.86,63.5,10245418,XLK
2017-11-10,63.42,63.55,63.27,63.5,5983174,XLK
2017-11-13,63.26,63.56,63.25,63.48,4300290,XLK
2017-11-14,63.29,63.42,63.0,63.35,7370757,XLK
2017-11-15,63.04,63.13,62.71,62.88,8492534,XLK
2017-11-16,63.34,63.89,63.34,63.76,7641083,XLK
2017-11-17,63.67,63.72,63.31,63.35,8302190,XLK
2017-11-20,63.5,63.64,63.41,63.59,6579936,XLK
2017-11-21,63.84,64.3,63.79,64.26,8173956,XLK
2017-11-22,64.26,64.28,64.03,64.14,12115822,XLK
2017-11-24,64.24,64.53,64.22,64.5,4339077,XLK
2017-11-27,64.39,64.58,64.28,64.5,6889160,XLK
2017-11-28,64.6,64.77,64.34,64.71,11311646,XLK
2017-11-29,64.6,64.61,62.84,63.28,33640233,XLK
2017-11-30,63.56,64.01,63.33,63.84,21047475,XLK
2017-12-01,63.45,63.83,62.59,63.51,19211806,XLK
2017-12-04,63.91,63.94,62.43,62.49,16805547,XLK
2017-12-05,62.38,63.23,62.11,62.51,13927081,XLK
2017-12-06,62.26,63.05,62.11,62.91,13262335,XLK
2017-12-07,62.95,63.42,62.91,63.3,11685609,XLK
2017-12-08,63.72,63.91,63.45,63.6,10059018,XLK
2017-12-11,63.57,64.15,63.53,64.15,11421605,XLK
2017-12-12,64.11,64.36,63.87,64.13,8397001,XLK
2017-12-13,64.35,64.46,64.07,64.15,10356137,XLK
2017-12-14,64.23,64.43,64.04,64.07,10946045,XLK
2017-12-15,64.03,64.65,63.87,64.56,21305213,XLK
2017-12-18,65.02,65.2,64.91,65.13,10760780,XLK
2017-12-19,65.0,65.04,64.57,64.73,11976844,XLK
2017-12-20,65.01,65.01,64.4,64.71,8965187,XLK
2017-12-21,64.82,64.93,64.52,64.58,15941851,XLK
2017-12-22,64.47,64.6,64.37,64.54,5485693,XLK
2017-12-26,64.14,64.18,63.88,64.11,6219227,XLK
2017-12-27,64.12,64.3,64.07,64.18,5346813,XLK
2017-12-28,64.37,64.41,64.18,64.29,9658201,XLK
2017-12-29,64.33,64.35,63.9,63.95,6693188,XLK
2018-01-02,64.21,64.74,64.05,64.74,13722817,XLK
2018-01-03,64.86,65.32,64.79,65.28,11331794,XLK
2018-01-04,65.54,65.78,65.39,65.61,10746591,XLK
2018-01-05,65.95,66.36,65.82,66.3,9677970,XLK
2018-01-08,66.27,66.67,66.23,66.55,6733905,XLK
2018-01-09,66.68,66.7,66.27,66.38,10606414,XLK
2018-01-10,66.02,66.17,65.83,66.15,10407785,XLK
2018-01-11,66.3,66.45,66.14,66.42,7887761,XLK
2018-01-12,66.34,66.9,66.25,66.81,8154313,XLK
2018-01-16,67.22,67.46,66.38,66.55,18221762,XLK
2018-01-17,66.93,67.61,66.71,67.55,14688082,XLK
2018-01-18,67.55,67.85,67.49,67.67,14922916,XLK
2018-01-19,67.8,67.91,67.45,67.8,11947212,XLK
2018-01-22,67.75,68.47,67.61,68.46,9002067,XLK
2018-01-23,68.68,68.9,68.54,68.76,10230061,XLK
2018-01-24,68.94,69.06,68.0,68.23,18509512,XLK
2018-01-25,68.66,68.72,67.94,68.11,12975913,XLK
2018-01-26,68.58,69.19,68.43,69.19,10048638,XLK
2018-01-29,68.99,68.99,68.47,68.56,27589931,XLK
2018-01-30,68.0,68.34,67.76,67.94,14831240,XLK
2018-01-31,68.34,68.56,68.0,68.45,15348877,XLK
2018-02-01,68.2,68.99,68.19,68.51,16324964,XLK
2018-02-02,67.74,67.8,66.47,66.48,21964705,XLK
2018-02-05,65.77,67.02,63.67,63.7,49279802,XLK
2018-02-06,62.84,65.64,62.48,65.53,45134653,XLK
2018-02-07,65.37,66.04,64.69,64.69,23712554,XLK
2018-02-08,64.87,64.99,61.99,62.01,27814273,XLK
2018-02-09,63.01,63.99,60.97,63.53,36350175,XLK
2018-02-12,64.21,65.07,63.74,64.67,17814755,XLK
2018-02-13,64.3,64.99,64.11,64.83,9542038,XLK
2018-02-14,64.47,66.13,64.43,66.02,16058841,XLK
2018-02-15,66.65,67.28,65.87,67.28,12152462,XLK
2018-02-16,67.08,67.9,67.01,67.18,10167145,XLK
2018-02-20,66.84,67.77,66.77,67.24,16917649,XLK
2018-02-21,67.5,68.07,66.8,66.81,14551218,XLK
2018-02-22,67.04,67.5,66.7,66.89,10979387,XLK
2018-02-23,67.44,68.29,67.28,68.29,10386168,XLK
2018-02-26,68.58,69.36,68.58,69.36,10797190,XLK
2018-02-27,69.39,69.71,68.66,68.66,12790591,XLK
2018-02-28,69.05,69.34,68.16,68.17,15232048,XLK
2018-03-01,68.33,68.59,66.53,67.04,21486816,XLK
2018-03-02,66.28,67.82,66.1,67.68,19196109,XLK
2018-03-05,67.36,68.6,67.21,68.37,10888925,XLK
2018-03-06,68.76,68.85,68.22,68.52,10151938,XLK
2018-03-07,68.01,68.97,68.01,68.9,11109750,XLK
2018-03-08,69.11,69.26,68.77,69.2,7623964,XLK
2018-03-09,69.69,70.51,69.6,70.51,12342535,XLK
2018-03-12,70.72,71.01,70.53,70.73,13506245,XLK
2018-03-13,71.09,71.34,69.68,69.92,13809416,XLK
2018-03-14,70.27,70.33,69.51,69.86,13881448,XLK
2018-03-15,69.88,70.31,69.56,69.9,11501443,XLK
2018-03-16,69.8,70.05,69.52,69.61,12202272,XLK
2018-03-19,68.96,69.07,67.67,68.23,19868388,XLK
2018-03-20,68.06,68.46,67.82,68.2,9382796,XLK
2018-03-21,68.05,68.69,67.61,67.79,10933467,XLK
2018-03-22,66.97,67.36,65.99,66.04,21195063,XLK
2018-03-23,66.0,66.29,64.25,64.28,20950788,XLK
2018-03-26,65.59,66.81,64.68,66.72,25125797,XLK
2018-03-27,67.13,67.17,64.08,64.58,29748560,XLK
2018-03-28,64.43,65.21,63.77,64.15,26810987,XLK
2018-03-29,64.61,66.07,64.16,65.42,17933797,XLK
2018-04-02,65.16,65.45,63.15,63.86,26017139,XLK
2018-04-03,64.34,64.64,63.41,64.49,18050721,XLK
2018-04-04,63.31,65.57,63.17,65.39,18149231,XLK
2018-04-05,65.99,66.09,65.22,65.66,16369083,XLK
2018-04-06,64.98,65.58,63.77,64.05,20238896,XLK
2018-04-09,64.52,65.81,64.47,64.55,10929668,XLK
2018-04-10,65.57,66.41,65.21,66.14,16116758,XLK
2018-04-11,65.73,66.34,65.64,65.75,8657765,XLK
2018-04-12,66.16,66.83,66.07,66.54,10628033,XLK
2018-04-13,67.0,67.03,66.0,66.32,11210766,XLK
2018-04-16,66.78,67.08,66.39,66.83,9738678,XLK
2018-04-17,67.42,68.29,67.3,68.07,15222774,XLK
2018-04-18,68.0,68.15,67.48,67.89,9882220,XLK
2018-04-19,67.46,67.53,66.9,67.14,12905816,XLK
2018-04-20,66.94,66.99,65.93,66.21,16238478,XLK
2018-04-23,66.46,66.65,65.66,65.97,18960253,XLK
2018-04-24,66.35,66.46,64.35,64.82,17423809,XLK
2018-04-25,64.92,65.05,64.0,64.83,15290801,XLK
2018-04-26,65.64,66.27,65.37,66.01,16543440,XLK
2018-04-27,66.67,66.72,65.54,65.89,13156483,XLK
2018-04-30,66.06,66.47,65.38,65.46,8686115,XLK
2018-05-01,65.37,66.32,65.21,66.28,9273887,XLK
2018-05-02,66.7,66.95,66.09,66.21,13293729,XLK
2018-05-03,65.91,66.61,65.33,66.36,15545417,XLK
2018-05-04,66.11,67.74,66.03,67.62,10841288,XLK
2018-05-07,67.94,68.41,67.83,68.09,13457406,XLK
2018-05-08,67.98,68.3,67.67,68.24,15147426,XLK
2018-05-09,68.41,69.08,68.19,69.08,14413339,XLK
2018-05-10,69.4,70.03,69.33,69.98,11566266,XLK
2018-05-11,69.91,70.15,69.65,69.88,8760648,XLK
2018-05-14,70.11,70.42,69.8,69.87,10130922,XLK
2018-05-15,69.38,69.44,68.85,69.21,14262592,XLK
2018-05-16,69.32,69.68,69.16,69.52,6680485,XLK
2018-05-17,69.27,69.74,68.88,69.16,10800144,XLK
2018-05-18,68.93,69.24,68.81,68.87,7882919,XLK
2018-05-21,69.5,69.81,69.12,69.47,11289236,XLK
2018-05-22,69.81,69.91,69.22,69.37,7391047,XLK
2018-05-23,68.8,69.88,68.79,69.88,14693760,XLK
2018-05-24,69.86,69.94,69.1,69.8,11200659,XLK
2018-05-25,69.85,70.0,69.58,69.75,9391355,XLK
2018-05-29,69.4,69.76,68.91,69.37,29330387,XLK
2018-05-30,69.72,69.97,69.52,69.88,9965160,XLK
2018-05-31,69.88,70.36,69.74,69.9,15284031,XLK
2018-06-01,70.37,71.1,70.25,71.09,12722885,XLK
2018-06-04,71.27,71.73,71.2,71.66,9933038,XLK
2018-06-05,71.84,72.04,71.64,71.91,17274761,XLK
2018-06-06,72.03,72.38,71.66,72.38,17689542,XLK
2018-06-07,72.34,72.34,71.28,71.8,19523632,XLK
2018-06-08,71.26,71.81,71.11,71.68,9904779,XLK
2018-06-11,71.72,71.99,71.56,71.76,7323505,XLK
2018-06-12,71.89,72.17,71.77,72.11,7813398,XLK
2018-06-13,72.11,72.43,71.71,71.74,14639032,XLK
2018-06-14,72.02,72.43,71.91,72.25,11327426,XLK
2018-06-15,71.74,71.83,71.29,71.72,16820622,XLK
2018-06-18,71.22,71.85,71.0,71.8,8290200,XLK
2018-06-19,70.92,71.46,70.52,71.43,12956679,XLK
2018-06-20,71.6,71.92,71.5,71.58,11465613,XLK
2018-06-21,71.86,71.9,70.86,71.03,14817113,XLK
2018-06-22,71.21,71.23,70.51,70.8,15739988,XLK
2018-06-25,70.23,70.3,68.72,69.33,18027741,XLK
2018-06-26,69.55,70.07,69.38,69.61,13862844,XLK
2018-06-27,69.83,70.15,68.64,68.66,22054604,XLK
2018-06-28,68.57,69.73,68.57,69.5,17799048,XLK
2018-06-29,69.77,70.07,69.43,69.47,10009814,XLK
2018-07-02,68.87,70.11,68.77,70.09,12545908,XLK
2018-07-03,70.3,70.35,69.21,69.26,6361411,XLK
2018-07-05,69.69,70.28,69.49,70.24,13659996,XLK
2018-07-06,70.28,71.17,70.11,71.06,12802009,XLK
2018-07-09,71.44,71.62,71.07,71.6,8727604,XLK
2018-07-10,71.61,71.97,71.61,71.77,11493129,XLK
2018-07-11,71.26,71.77,71.15,71.49,12975071,XLK
2018-07-12,71.8,72.66,71.72,72.62,11853325,XLK
2018-07-13,72.63,72.72,72.3,72.54,9258443,XLK
2018-07-16,72.56,72.71,72.23,72.37,6665953,XLK
2018-07-17,71.85,73.03,71.81,72.91,7451575,XLK
2018-07-18,72.89,72.9,72.53,72.79,7081957,XLK
2018-07-19,72.61,72.89,72.4,72.53,7455318,XLK
2018-07-20,72.81,72.95,72.46,72.55,7219886,XLK
2018-07-23,72.4,72.96,72.11,72.92,12575508,XLK
2018-07-24,73.65,73.94,73.02,73.32,10778640,XLK
2018-07-25,73.34,74.24,73.23,74.24,15288805,XLK
2018-07-26,72.97,73.34,72.84,73.1,12547190,XLK
2018-07-27,73.19,73.24,71.4,71.85,31777544,XLK
2018-07-30,71.81,71.92,70.32,70.73,17847711,XLK
2018-07-31,70.95,71.38,70.53,70.92,14977005,XLK
2018-08-01,71.43,71.79,71.17,71.56,14661395,XLK
2018-08-02,70.9,72.55,70.9,72.46,13104923,XLK
2018-08-03,72.48,72.72,72.15,72.72,7245702,XLK
2018-08-06,72.69,73.15,72.52,73.11,7500345,XLK
2018-08-07,73.37,73.65,73.26,73.39,10272737,XLK
2018-08-08,73.35,73.73,73.16,73.59,7099160,XLK
2018-08-09,73.66,73.9,73.56,73.62,11723235,XLK
2018-08-10,73.07,73.38,72.82,73.03,11569162,XLK
2018-08-13,73.14,73.7,72.91,72.93,12064769,XLK
2018-08-14,73.18,73.47,72.77,73.38,9179535,XLK
2018-08-15,72.92,73.19,72.15,72.72,17792225,XLK
2018-08-16,73.28,73.48,72.88,73.04,9104839,XLK
2018-08-17,72.82,73.35,72.58,73.15,9024155,XLK
2018-08-20,73.32,73.34,72.75,73.04,10619833,XLK
2018-08-21,73.24,73.62,73.07,73.16,8002432,XLK
2018-08-22,72.94,73.49,72.83,73.38,6371245,XLK
2018-08-23,73.25,73.94,73.25,73.54,9367818,XLK
2018-08-24,73.74,74.3,73.73,74.28,6557635,XLK
2018-08-27,74.68,75.0,74.48,74.96,8207455,XLK
2018-08-28,75.11,75.26,74.88,75.09,7385363,XLK
2018-08-29,75.18,75.82,75.17,75.77,11182347,XLK
2018-08-30,75.56,76.03,75.31,75.54,10520312,XLK
2018-08-31,75.47,75.8,75.34,75.6,10269170,XLK
2018-09-04,75.25,75.42,74.8,75.31,11073920,XLK
2018-09-05,75.21,75.27,73.99,74.37,16426553,XLK
2018-09-06,74.26,74.42,73.25,73.83,13978783,XLK
2018-09-07,73.35,74.17,73.27,73.58,14230964,XLK
2018-09-10,73.85,73.95,73.41,73.81,16654881,XLK
2018-09-11,73.6,74.6,73.42,74.44,13595012,XLK
2018-09-12,74.28,74.29,73.53,74.13,16268233,XLK
2018-09-13,74.59,75.19,74.57,75.0,12727444,XLK
2018-09-14,75.07,75.27,74.6,74.94,9439156,XLK
2018-09-17,74.83,74.96,73.92,74.0,14792111,XLK
2018-09-18,73.91,74.83,73.91,74.47,9650997,XLK
2018-09-19,74.46,74.71,73.86,74.28,10435469,XLK
2018-09-20,74.72,75.24,74.49,75.16,13700995,XLK
2018-09-21,75.19,75.31,74.58,74.61,23020545,XLK
2018-09-24,74.25,74.99,73.96,74.98,17256802,XLK
2018-09-25,74.89,75.04,74.58,74.89,10550528,XLK
2018-09-26,74.97,75.3,74.48,74.61,13320561,XLK
2018-09-27,74.88,75.26,74.88,75.05,14233197,XLK
2018-09-28,74.84,75.4,74.8,75.33,11710568,XLK
2018-10-01,75.81,76.0,75.46,75.69,10334066,XLK
2018-10-02,75.6,76.13,75.36,75.7,14006955,XLK
2018-10-03,75.96,76.27,75.79,75.93,13292564,XLK
2018-10-04,75.56,75.62,74.07,74.56,23292417,XLK
2018-10-05,74.53,74.76,72.9,73.62,22288724,XLK
2018-10-08,73.27,73.5,71.96,72.79,19973003,XLK
2018-10-09,72.76,73.48,72.61,73.05,15138932,XLK
2018-10-10,72.61,72.62,69.46,69.51,44142990,XLK
2018-10-11,69.31,70.49,68.07,68.63,68269507,XLK
2018-10-12,70.57,71.06,69.45,70.83,35909369,XLK
2018-10-15,70.57,70.63,69.63,69.67,19152748,XLK
2018-10-16,70.55,72.0,70.38,71.77,20999283,XLK
2018-10-17,71.86,71.91,70.8,71.44,24164921,XLK
2018-10-18,71.12,71.17,69.62,70.04,22960568,XLK
2018-10-19,70.45,71.21,69.75,70.01,22141736,XLK
2018-10-22,70.34,71.05,69.92,70.59,15981011,XLK
2018-10-23,69.12,70.69,68.42,70.32,24066081,XLK
2018-10-24,70.14,70.31,67.09,67.17,34165356,XLK
2018-10-25,68.13,69.84,68.02,69.48,23377176,XLK
2018-10-26,67.75,69.33,67.11,68.09,42743594,XLK
2018-10-29,69.03,69.52,65.59,66.94,34055312,XLK
2018-10-30,66.88,67.93,66.31,67.69,30560929,XLK
2018-10-31,68.7,69.85,68.67,69.3,21144140,XLK
2018-11-01,69.4,70.16,68.81,70.11,15553097,XLK
2018-11-02,69.57,69.98,68.16,68.74,20213140,XLK
2018-11-05,68.7,68.81,67.68,68.67,14208230,XLK
2018-11-06,68.61,69.43,68.55,69.1,9134209,XLK
2018-11-07,69.9,71.13,69.81,71.13,16314800,XLK
2018-11-08,70.86,71.16,70.62,71.07,10409749,XLK
2018-11-09,70.46,70.52,69.25,69.84,12941931,XLK
2018-11-12,69.2,69.32,67.3,67.38,16431059,XLK
2018-11-13,67.54,68.62,67.26,67.46,15703538,XLK
2018-11-14,68.21,68.35,66.31,66.65,19496735,XLK
2018-11-15,66.76,68.48,66.37,68.32,26301445,XLK
2018-11-16,67.52,68.62,67.38,68.21,17973021,XLK
2018-11-19,67.89,67.96,65.43,65.61,19198619,XLK
2018-11-20,63.78,65.07,63.38,64.2,28064763,XLK
2018-11-21,65.07,65.33,64.4,64.67,16503284,XLK
2018-11-23,63.98,64.79,63.95,64.08,5338114,XLK
2018-11-26,64.92,65.53,64.58,65.53,12534629,XLK
2018-11-27,65.08,65.76,64.7,65.66,11538209,XLK
2018-11-28,66.32,67.96,66.07,67.96,16609706,XLK
2018-11-29,67.75,67.85,66.94,67.3,14115418,XLK
2018-11-30,67.34,67.99,67.01,67.94,16509839,XLK
2018-12-03,69.64,69.71,68.69,69.44,16231664,XLK
2018-12-04,68.95,69.1,66.65,66.81,20991080,XLK
2018-12-06,65.24,66.96,64.91,66.96,21578006,XLK
2018-12-07,66.64,66.94,64.3,64.6,19937805,XLK
2018-12-10,64.24,65.74,63.87,65.49,20447973,XLK
2018-12-11,66.51,66.64,65.04,65.57,15813349,XLK
2018-12-12,66.63,67.12,66.05,66.08,16928906,XLK
2018-12-13,66.4,66.89,65.81,66.19,12819551,XLK
2018-12-14,65.4,65.76,64.51,64.57,15516205,XLK
2018-12-17,64.33,64.77,62.69,63.2,23263471,XLK
2018-12-18,63.69,64.25,63.19,63.7,19626573,XLK
2018-12-19,63.61,64.74,61.76,62.44,33606339,XLK
2018-12-20,62.17,62.8,60.43,61.32,39501833,XLK
2018-12-21,61.07,61.82,58.94,59.2,41613704,XLK
2018-12-24,58.64,59.36,57.57,57.62,21117015,XLK
2018-12-26,58.02,61.1,57.69,61.1,29060164,XLK
2018-12-27,60.25,61.56,59.08,61.54,23438844,XLK
2018-12-28,61.99,62.42,60.87,61.4,19843317,XLK
2018-12-31,61.93,62.21,61.46,61.98,16860072,XLK
2019-01-02,60.71,62.39,60.63,62.02,15442924,XLK
2019-01-03,60.44,60.48,58.81,58.89,24946730,XLK
2019-01-04,59.97,61.76,59.78,61.5,20767979,XLK
2019-01-07,61.5,62.47,61.36,62.05,11908943,XLK
2019-01-08,62.65,62.87,61.83,62.57,13002603,XLK
2019-01-09,62.91,63.71,62.84,63.38,14022385,XLK
2019-01-10,62.88,63.69,62.59,63.66,10934086,XLK
2019-01-11,63.29,63.58,63.15,63.54,7725602,XLK
2019-01-14,62.98,63.17,62.73,62.95,7242062,XLK
2019-01-15,63.15,64.03,63.04,63.9,14326996,XLK
2019-01-16,63.97,64.35,63.84,63.96,9468643,XLK
2019-01-17,63.73,64.74,63.56,64.37,10128415,XLK
2019-01-18,65.01,65.48,64.59,65.35,13651550,XLK
2019-01-22,64.82,64.93,63.74,64.25,14992512,XLK
2019-01-23,64.52,65.0,63.75,64.47,9576120,XLK
2019-01-24,64.7,65.24,64.67,65.01,14170898,XLK
2019-01-25,65.5,66.13,65.26,65.93,10030815,XLK
2019-01-28,64.95,65.07,64.51,65.05,9662469,XLK
2019-01-29,65.18,65.19,64.25,64.35,8573987,XLK
2019-01-30,65.42,66.54,65.13,66.35,16995325,XLK
2019-01-31,66.01,66.64,65.8,66.28,18250916,XLK
2019-02-01,66.31,67.03,66.21,66.67,9737796,XLK
2019-02-04,66.76,67.75,66.71,67.74,7604287,XLK
2019-02-05,67.97,68.48,67.89,68.31,12060664,XLK
2019-02-06,68.39,68.73,68.13,68.54,10189649,XLK
2019-02-07,67.91,68.2,67.14,67.6,14632128,XLK
2019-02-08,66.99,67.99,66.95,67.99,8488796,XLK
2019-02-11,68.2,68.41,67.8,67.96,7434660,XLK
2019-02-12,68.43,68.95,68.33,68.86,9709099,XLK
2019-02-13,69.2,69.45,68.91,68.95,9120886,XLK
2019-02-14,68.69,69.32,68.64,69.07,9742013,XLK
2019-02-15,69.59,69.69,69.23,69.62,7356002,XLK
2019-02-19,69.34,69.85,69.27,69.64,8319114,XLK
2019-02-20,69.7,70.01,69.35,69.72,9852085,XLK
2019-02-21,69.55,70.03,69.32,69.75,9754061,XLK
2019-02-22,70.07,70.68,70.05,70.64,12246686,XLK
2019-02-25,71.17,71.47,70.93,70.98,20170501,XLK
2019-02-26,70.73,71.33,70.67,71.13,14133959,XLK
2019-02-27,70.86,71.15,70.33,71.06,9777532,XLK
2019-02-28,70.8,71.13,70.68,70.86,9438331,XLK
2019-03-01,71.42,71.53,70.77,71.34,12334027,XLK
2019-03-04,71.64,71.82,70.28,71.07,15826472,XLK
2019-03-05,71.03,71.12,70.64,70.86,8953880,XLK
2019-03-06,70.81,70.89,70.4,70.49,13122115,XLK
2019-03-07,70.29,70.35,69.59,69.82,18498286,XLK
2019-03-08,68.98,69.87,68.84,69.81,12890714,XLK
2019-03-11,70.06,71.38,70.06,71.31,14577194,XLK
2019-03-12,71.51,71.97,71.29,71.73,18050877,XLK
2019-03-13,72.04,72.63,72.0,72.2,17833630,XLK
2019-03-14,72.32,72.57,72.15,72.35,10656663,XLK
2019-03-15,72.37,73.32,72.32,72.99,21024520,XLK
2019-03-18,73.04,73.49,72.85,73.3,14837637,XLK
2019-03-19,73.6,73.8,73.16,73.45,16153202,XLK
2019-03-20,73.37,73.85,72.81,73.25,13704293,XLK
2019-03-21,73.26,75.25,73.25,75.09,27274148,XLK
2019-03-22,74.7,75.01,73.29,73.32,26747361,XLK
2019-03-25,73.08,73.49,72.53,73.0,21946894,XLK
2019-03-26,73.64,74.11,72.97,73.4,13965286,XLK
2019-03-27,73.51,73.79,72.34,72.98,15831176,XLK
2019-03-28,73.2,73.58,72.83,73.28,10539704,XLK
2019-03-29,73.89,74.03,73.53,74.0,14347178,XLK
2019-04-01,74.72,75.1,74.3,75.01,12590504,XLK
2019-04-02,75.07,75.37,74.84,75.27,11787177,XLK
2019-04-03,75.72,76.26,75.58,75.88,13869223,XLK
2019-04-04,75.85,76.05,75.11,75.56,11503077,XLK
2019-04-05,75.81,76.0,75.68,75.92,6709785,XLK
2019-04-08,75.74,76.25,75.42,76.21,7309911,XLK
2019-04-09,75.88,76.16,75.68,75.85,13440126,XLK
2019-04-10,75.92,76.4,75.88,76.38,8617805,XLK
2019-04-11,76.54,76.56,76.12,76.28,7697338,XLK
2019-04-12,76.71,76.81,76.28,76.81,8555372,XLK
2019-04-15,76.81,77.0,76.37,76.78,9910693,XLK
2019-04-16,77.02,77.25,76.8,77.17,9609547,XLK
2019-04-17,77.66,77.7,77.22,77.6,12247872,XLK
2019-04-18,77.77,77.84,77.24,77.82,11491949,XLK
2019-04-22,77.46,78.03,77.39,78.0,8084368,XLK
2019-04-23,78.12,78.95,78.04,78.85,16693005,XLK
2019-04-24,78.91,79.24,78.76,78.88,10938268,XLK
2019-04-25,79.24,79.46,78.44,78.86,11387585,XLK
2019-04-26,78.38,78.58,77.72,78.56,11050219,XLK
2019-04-29,78.57,78.83,78.49,78.58,10613331,XLK
2019-04-30,78.54,78.82,78.1,78.71,18842869,XLK
2019-05-01,79.5,79.7,78.5,78.51,15446826,XLK
2019-05-02,78.49,79.06,77.68,78.1,24988752,XLK
2019-05-03,78.38,78.91,78.27,78.84,13288420,XLK
2019-05-06,76.96,78.36,76.66,78.23,13022479,XLK
2019-05-07,77.35,77.65,75.85,76.55,20625711,XLK
2019-05-08,76.3,77.12,76.17,76.46,13667465,XLK
2019-05-09,75.51,76.19,74.66,75.94,19300910,XLK
2019-05-10,75.45,76.52,74.36,76.18,19596295,XLK
2019-05-13,74.03,74.47,73.1,73.31,25461207,XLK
2019-05-14,73.68,74.95,73.62,74.49,18404280,XLK
2019-05-15,73.97,75.53,73.85,75.3,15048875,XLK
2019-05-16,75.35,76.54,75.25,75.99,15444976,XLK
2019-05-17,75.21,76.4,75.2,75.38,13543996,XLK
2019-05-20,74.11,74.69,73.71,74.07,14673932,XLK
2019-05-21,74.85,75.22,74.68,74.98,14841128,XLK
2019-05-22,74.49,75.04,74.45,74.59,11521081,XLK
2019-05-23,73.58,73.62,72.74,73.28,16085696,XLK
2019-05-24,73.68,74.06,73.22,73.3,11750019,XLK
2019-05-28,73.53,74.0,73.05,73.09,25772770,XLK
2019-05-29,72.55,73.01,72.17,72.66,14754806,XLK
2019-05-30,72.83,73.26,72.61,73.11,11420530,XLK
2019-05-31,72.23,72.57,71.86,71.89,12039782,XLK
2019-06-03,72.0,72.4,70.15,70.63,19703698,XLK
2019-06-04,71.53,72.99,71.17,72.99,15096174,XLK
2019-06-05,73.96,74.11,73.1,73.94,14395841,XLK
2019-06-06,74.14,74.95,73.8,74.8,11922461,XLK
2019-06-07,75.19,76.64,75.04,76.19,11992069,XLK
2019-06-10,76.74,77.69,76.74,76.97,13463779,XLK
2019-06-11,77.75,77.83,76.53,76.97,11550125,XLK
2019-06-12,76.6,76.81,76.36,76.54,7596943,XLK
2019-06-13,76.81,77.04,76.49,76.77,9867761,XLK
2019-06-14,76.07,76.35,75.77,76.1,8441689,XLK
2019-06-17,76.15,76.54,75.99,76.16,9351130,XLK
2019-06-18,76.97,77.92,76.73,77.54,16181183,XLK
2019-06-19,77.74,78.02,77.21,77.82,12371290,XLK
2019-06-20,78.96,79.22,78.3,78.96,13891896,XLK
2019-06-21,78.39,78.99,78.28,78.31,20715371,XLK
2019-06-24,78.45,78.72,78.34,78.46,8216118,XLK
2019-06-25,78.42,78.49,76.93,77.02,13122665,XLK
2019-06-26,77.77,78.4,77.75,77.85,9069181,XLK
2019-06-27,78.11,78.32,77.88,78.05,6837616,XLK
2019-06-28,78.29,78.38,77.8,78.04,17783356,XLK
2019-07-01,79.83,79.93,78.95,79.28,14290707,XLK
2019-07-02,79.24,79.54,79.06,79.49,7784480,XLK
2019-07-03,79.69,80.1,79.53,80.1,5341772,XLK
2019-07-05,79.45,80.09,79.16,79.95,5924127,XLK
2019-07-08,79.33,79.44,78.97,79.34,7459937,XLK
2019-07-09,78.93,79.68,78.81,79.62,9249826,XLK
2019-07-10,80.06,80.73,80.0,80.25,10108944,XLK
2019-07-11,80.45,80.86,80.28,80.55,11352423,XLK
2019-07-12,80.8,81.19,80.66,81.14,7753421,XLK
2019-07-15,81.36,81.51,81.18,81.41,6286126,XLK
2019-07-16,81.31,81.32,80.51,80.65,8005994,XLK
2019-07-17,80.8,80.98,80.43,80.44,6708000,XLK
2019-07-18,80.26,81.16,80.2,81.04,8022393,XLK
2019-07-19,81.85,81.88,80.59,80.69,11679742,XLK
2019-07-22,81.0,81.82,80.99,81.62,6924663,XLK
2019-07-23,82.09,82.15,81.46,82.07,5505508,XLK
2019-07-24,81.96,82.78,81.96,82.75,9257101,XLK
2019-07-25,82.57,82.57,81.97,82.41,9923370,XLK
2019-07-26,82.45,82.75,82.37,82.59,11120160,XLK
2019-07-29,82.63,82.68,81.9,82.54,8473219,XLK
2019-07-30,81.97,82.36,81.79,82.01,7366949,XLK
2019-07-31,82.45,82.54,79.92,80.77,16869250,XLK
2019-08-01,80.91,82.62,79.96,80.36,28833005,XLK
2019-08-02,79.71,79.74,78.33,79.05,22371946,XLK
2019-08-05,76.94,77.05,75.14,75.75,27826563,XLK
2019-08-06,76.77,77.29,76.13,77.01,19150939,XLK
2019-08-07,76.13,77.7,75.71,77.49,20582422,XLK
2019-08-08,78.11,79.41,77.91,79.39,15991578,XLK
2019-08-09,78.92,79.14,77.89,78.49,15572602,XLK
2019-08-12,77.95,78.24,77.1,77.46,10893390,XLK
2019-08-13,77.39,79.7,77.22,79.4,26082725,XLK
2019-08-14,77.94,78.29,76.76,76.96,23569346,XLK
2019-08-15,77.03,77.22,76.17,76.82,15668558,XLK
2019-08-16,77.61,78.44,77.5,78.28,10862450,XLK
2019-08-19,79.51,79.71,79.06,79.47,7878240,XLK
2019-08-20,79.37,79.77,79.03,79.07,8337949,XLK
2019-08-21,79.83,80.2,79.64,80.0,8403058,XLK
2019-08-22,80.21,80.39,79.1,79.81,7594419,XLK
2019-08-23,79.37,80.1,76.85,77.17,20399029,XLK
2019-08-26,78.12,78.27,77.59,78.24,10358523,XLK
2019-08-27,78.75,78.89,77.67,78.12,10033044,XLK
2019-08-28,77.7,78.32,77.14,78.19,7139588,XLK
2019-08-29,79.25,79.79,78.97,79.55,8121072,XLK
2019-08-30,80.07,80.17,78.96,79.53,10075443,XLK
2019-09-03,78.87,79.57,78.28,78.56,11838051,XLK
2019-09-04,79.41,79.94,79.33,79.9,7729905,XLK
2019-09-05,80.95,81.9,80.91,81.57,10043358,XLK
2019-09-06,81.75,81.79,81.28,81.5,9150075,XLK
2019-09-09,81.88,81.92,80.46,80.89,12610706,XLK
2019-09-10,80.52,80.52,79.57,80.48,9858667,XLK
2019-09-11,80.73,81.34,80.56,81.32,9409273,XLK
2019-09-12,81.82,82.42,81.42,81.76,12771022,XLK
2019-09-13,81.63,81.63,81.07,81.16,16533550,XLK
2019-09-16,80.49,81.14,80.41,80.96,7725882,XLK
2019-09-17,81.02,81.29,80.83,81.29,7706046,XLK
2019-09-18,81.16,81.34,80.18,81.28,8797790,XLK
2019-09-19,81.53,82.18,81.35,81.46,8204618,XLK
2019-09-20,81.47,81.51,80.05,80.26,15085791,XLK
2019-09-23,80.27,80.75,80.1,80.51,7889342,XLK
2019-09-24,81.04,81.35,79.39,79.73,17731003,XLK
2019-09-25,79.62,80.9,78.89,80.68,11963453,XLK
2019-09-26,80.65,81.05,80.14,80.77,9116911,XLK
2019-09-27,80.77,80.94,79.09,79.69,12782303,XLK
2019-09-30,80.03,80.72,79.92,80.53,11007188,XLK
2019-10-01,80.89,81.43,79.75,79.78,11022587,XLK
2019-10-02,79.25,79.27,77.69,78.28,19760571,XLK
2019-10-03,78.25,79.27,77.28,79.24,17476528,XLK
2019-10-04,79.8,80.65,79.72,80.55,11020636,XLK
2019-10-07,80.28,80.88,80.15,80.21,10621149,XLK
2019-10-08,79.69,79.93,78.73,78.74,14481367,XLK
2019-10-09,79.56,80.21,79.44,79.91,10278920,XLK
2019-10-10,79.83,80.78,79.77,80.46,9480037,XLK
2019-10-11,81.45,82.29,81.32,81.57,15996561,XLK
2019-10-14,81.49,81.86,81.48,81.52,5666424,XLK
2019-10-15,81.85,82.62,81.77,82.42,8119003,XLK
2019-10-16,81.97,82.01,81.55,81.85,10125533,XLK
2019-10-17,82.13,82.36,81.26,81.69,6866203,XLK
2019-10-18,81.57,81.69,80.38,80.91,8726315,XLK
2019-10-21,81.39,81.82,81.1,81.78,6345480,XLK
2019-10-22,81.94,82.23,80.62,80.68,9235221,XLK
2019-10-23,80.43,80.76,80.26,80.75,8953875,XLK
2019-10-24,81.61,82.0,81.31,81.93,7308684,XLK
2019-10-25,81.93,83.02,81.88,82.92,8152726,XLK
2019-10-28,83.65,84.01,83.61,83.97,7229856,XLK
2019-10-29,83.9,84.05,83.18,83.21,7760442,XLK
2019-10-30,83.46,83.82,82.9,83.72,12779335,XLK
2019-10-31,83.85,83.94,83.13,83.67,11230889,XLK
2019-11-01,83.95,84.67,83.82,84.67,9920592,XLK
2019-11-04,85.32,85.37,84.93,85.11,10181562,XLK
2019-11-05,85.35,85.38,84.72,85.01,7899848,XLK
2019-11-06,85.0,85.05,84.54,84.97,8538613,XLK
2019-11-07,85.54,86.12,85.4,85.64,14042469,XLK
2019-11-08,85.42,86.12,85.08,86.12,6286580,XLK
2019-11-11,85.63,86.28,85.52,86.16,4244082,XLK
2019-11-12,86.28,86.77,86.07,86.45,8281547,XLK
2019-11-13,86.11,86.72,86.09,86.64,7686192,XLK
2019-11-14,86.3,86.61,86.06,86.54,6091442,XLK
2019-11-15,87.15,87.24,86.88,87.24,7062496,XLK
2019-11-18,87.21,87.63,86.88,87.5,6512351,XLK
2019-11-19,87.85,87.93,87.35,87.67,7043682,XLK
2019-11-20,87.47,87.73,86.48,87.14,12379895,XLK
2019-11-21,86.97,87.07,86.52,86.7,9377772,XLK
2019-11-22,86.95,87.09,86.25,86.59,5890416,XLK
2019-11-25,86.98,87.85,86.95,87.85,7369881,XLK
2019-11-26,87.9,88.15,87.76,87.93,9727323,XLK
2019-11-27,88.2,88.42,87.94,88.42,9349030,XLK
2019-11-29,88.19,88.33,88.01,88.16,5680094,XLK
2019-12-02,88.2,88.2,86.52,86.9,11587418,XLK
2019-12-03,85.53,86.19,85.16,86.13,11250999,XLK
2019-12-04,86.69,86.76,86.35,86.48,6915096,XLK
2019-12-05,86.79,86.87,86.39,86.8,7810387,XLK
2019-12-06,87.46,87.84,87.39,87.76,9205570,XLK
2019-12-09,87.61,87.89,87.3,87.3,5803432,XLK
2019-12-10,87.44,87.83,87.15,87.37,6175542,XLK
2019-12-11,87.6,88.04,87.42,87.96,4939468,XLK
2019-12-12,87.71,89.03,87.5,88.9,12097367,XLK
2019-12-13,88.81,89.69,88.64,89.49,13128662,XLK
2019-12-16,90.17,90.6,90.15,90.29,9873486,XLK
2019-12-17,90.45,90.49,89.96,90.08,7459673,XLK
2019-12-18,90.19,90.42,90.04,90.07,6485833,XLK
2019-12-19,90.13,90.73,90.1,90.72,6862859,XLK
2019-12-20,90.96,91.06,90.72,90.95,11707905,XLK
2019-12-23,91.23,91.44,91.1,91.21,7765182,XLK
2019-12-24,91.37,91.37,91.03,91.24,2445364,XLK
2019-12-26,91.43,91.94,91.37,91.92,4134648,XLK
2019-12-27,92.29,92.29,91.68,91.91,9666200,XLK
2019-12-30,91.89,91.9,90.68,91.38,8245638,XLK
2019-12-31,91.07,91.77,90.95,91.67,5801615,XLK
